{
  "checkpoint": "/root/code/vepfs/GPGFormer/checkpoints/freihand_multimodal_mask_consistency_meshlight_20260311/freihand/gpgformer_best.pt",
  "num_samples": 24,
  "mean_2d_error_px": 7.733697324991226,
  "mean_2d_reproj_error_px": 3.5451077944041266e-05,
  "mean_mpjpe_mm": 7.775075773398082,
  "mean_pa_mpjpe_mm": 5.533649396115176,
  "mean_abs_mpjpe_mm": 33.59089163939158,
  "root_index": 9,
  "camera_center_mode": "cam_param",
  "samples": [
    {
      "sample_index": 338,
      "img_path": null,
      "seq_name": null,
      "frame_id": null,
      "has_gt_2d": true,
      "has_gt_3d": true,
      "mean_2d_error_px": 5.974961280822754,
      "gt_2d_reproj_error_px": 3.203993401257321e-05,
      "cam_center_offset_px": [
        -13.873054504394531,
        11.22784423828125
      ],
      "num_uv_valid": 21,
      "mpjpe_mm": 3.0309245586395264,
      "pa_mpjpe_mm": 2.285404535286284,
      "abs_mpjpe_mm": 20.319278717041016,
      "root_index": 9
    },
    {
      "sample_index": 351,
      "img_path": null,
      "seq_name": null,
      "frame_id": null,
      "has_gt_2d": true,
      "has_gt_3d": true,
      "mean_2d_error_px": 10.173604011535645,
      "gt_2d_reproj_error_px": 3.3196451113326475e-05,
      "cam_center_offset_px": [
        -9.329322814941406,
        0.7960968017578125
      ],
      "num_uv_valid": 21,
      "mpjpe_mm": 8.757116317749023,
      "pa_mpjpe_mm": 4.286108357817362,
      "abs_mpjpe_mm": 37.118125915527344,
      "root_index": 9
    },
    {
      "sample_index": 371,
      "img_path": null,
      "seq_name": null,
      "frame_id": null,
      "has_gt_2d": true,
      "has_gt_3d": true,
      "mean_2d_error_px": 8.345108985900879,
      "gt_2d_reproj_error_px": 4.013005309388973e-05,
      "cam_center_offset_px": [
        8.284233093261719,
        5.6285858154296875
      ],
      "num_uv_valid": 21,
      "mpjpe_mm": 6.548476219177246,
      "pa_mpjpe_mm": 6.554780427867829,
      "abs_mpjpe_mm": 10.595809936523438,
      "root_index": 9
    },
    {
      "sample_index": 506,
      "img_path": null,
      "seq_name": null,
      "frame_id": null,
      "has_gt_2d": true,
      "has_gt_3d": true,
      "mean_2d_error_px": 7.659691333770752,
      "gt_2d_reproj_error_px": 3.886976992362179e-05,
      "cam_center_offset_px": [
        3.3602752685546875,
        13.030120849609375
      ],
      "num_uv_valid": 21,
      "mpjpe_mm": 6.732175827026367,
      "pa_mpjpe_mm": 5.33561196857165,
      "abs_mpjpe_mm": 20.970638275146484,
      "root_index": 9
    },
    {
      "sample_index": 722,
      "img_path": null,
      "seq_name": null,
      "frame_id": null,
      "has_gt_2d": true,
      "has_gt_3d": true,
      "mean_2d_error_px": 11.032999992370605,
      "gt_2d_reproj_error_px": 4.155484930379316e-05,
      "cam_center_offset_px": [
        10.586959838867188,
        -11.337631225585938
      ],
      "num_uv_valid": 21,
      "mpjpe_mm": 6.393805027008057,
      "pa_mpjpe_mm": 3.3948414801099607,
      "abs_mpjpe_mm": 33.53550720214844,
      "root_index": 9
    },
    {
      "sample_index": 794,
      "img_path": null,
      "seq_name": null,
      "frame_id": null,
      "has_gt_2d": true,
      "has_gt_3d": true,
      "mean_2d_error_px": 2.9625020027160645,
      "gt_2d_reproj_error_px": 4.162589902989566e-05,
      "cam_center_offset_px": [
        3.6824874877929688,
        3.8103179931640625
      ],
      "num_uv_valid": 21,
      "mpjpe_mm": 9.812971115112305,
      "pa_mpjpe_mm": 3.590509530939606,
      "abs_mpjpe_mm": 63.754005432128906,
      "root_index": 9
    },
    {
      "sample_index": 1467,
      "img_path": null,
      "seq_name": null,
      "frame_id": null,
      "has_gt_2d": true,
      "has_gt_3d": true,
      "mean_2d_error_px": 10.731310844421387,
      "gt_2d_reproj_error_px": 2.7373078410164453e-05,
      "cam_center_offset_px": [
        -11.025283813476562,
        -0.3185272216796875
      ],
      "num_uv_valid": 21,
      "mpjpe_mm": 14.208473205566406,
      "pa_mpjpe_mm": 11.15021670435429,
      "abs_mpjpe_mm": 30.322669982910156,
      "root_index": 9
    },
    {
      "sample_index": 1706,
      "img_path": null,
      "seq_name": null,
      "frame_id": null,
      "has_gt_2d": true,
      "has_gt_3d": true,
      "mean_2d_error_px": 7.9765472412109375,
      "gt_2d_reproj_error_px": 3.214092430425808e-05,
      "cam_center_offset_px": [
        1.1132354736328125,
        9.663955688476562
      ],
      "num_uv_valid": 21,
      "mpjpe_mm": 11.562554359436035,
      "pa_mpjpe_mm": 7.038652110812284,
      "abs_mpjpe_mm": 37.21599578857422,
      "root_index": 9
    },
    {
      "sample_index": 1729,
      "img_path": null,
      "seq_name": null,
      "frame_id": null,
      "has_gt_2d": true,
      "has_gt_3d": true,
      "mean_2d_error_px": 6.750682353973389,
      "gt_2d_reproj_error_px": 3.725930582731962e-05,
      "cam_center_offset_px": [
        12.058349609375,
        10.535980224609375
      ],
      "num_uv_valid": 21,
      "mpjpe_mm": 5.294283390045166,
      "pa_mpjpe_mm": 3.6155483268432964,
      "abs_mpjpe_mm": 16.488222122192383,
      "root_index": 9
    },
    {
      "sample_index": 1781,
      "img_path": null,
      "seq_name": null,
      "frame_id": null,
      "has_gt_2d": true,
      "has_gt_3d": true,
      "mean_2d_error_px": 6.9733123779296875,
      "gt_2d_reproj_error_px": 2.3399950805469416e-05,
      "cam_center_offset_px": [
        13.262847900390625,
        15.605941772460938
      ],
      "num_uv_valid": 21,
      "mpjpe_mm": 4.7361931800842285,
      "pa_mpjpe_mm": 3.993229596921247,
      "abs_mpjpe_mm": 39.453548431396484,
      "root_index": 9
    },
    {
      "sample_index": 1979,
      "img_path": null,
      "seq_name": null,
      "frame_id": null,
      "has_gt_2d": true,
      "has_gt_3d": true,
      "mean_2d_error_px": 7.142296314239502,
      "gt_2d_reproj_error_px": 3.5772845876635984e-05,
      "cam_center_offset_px": [
        8.405021667480469,
        -2.4508132934570312
      ],
      "num_uv_valid": 21,
      "mpjpe_mm": 7.017231464385986,
      "pa_mpjpe_mm": 4.335592169107312,
      "abs_mpjpe_mm": 46.76063919067383,
      "root_index": 9
    },
    {
      "sample_index": 2028,
      "img_path": null,
      "seq_name": null,
      "frame_id": null,
      "has_gt_2d": true,
      "has_gt_3d": true,
      "mean_2d_error_px": 5.3414154052734375,
      "gt_2d_reproj_error_px": 3.967082375311293e-05,
      "cam_center_offset_px": [
        -3.6378021240234375,
        14.040023803710938
      ],
      "num_uv_valid": 21,
      "mpjpe_mm": 7.594886302947998,
      "pa_mpjpe_mm": 5.986926146888493,
      "abs_mpjpe_mm": 30.318702697753906,
      "root_index": 9
    },
    {
      "sample_index": 2078,
      "img_path": null,
      "seq_name": null,
      "frame_id": null,
      "has_gt_2d": true,
      "has_gt_3d": true,
      "mean_2d_error_px": 4.0273308753967285,
      "gt_2d_reproj_error_px": 4.7115536290220916e-05,
      "cam_center_offset_px": [
        -4.158050537109375,
        -5.441932678222656
      ],
      "num_uv_valid": 21,
      "mpjpe_mm": 3.9258506298065186,
      "pa_mpjpe_mm": 2.926144789995839,
      "abs_mpjpe_mm": 26.499889373779297,
      "root_index": 9
    },
    {
      "sample_index": 2578,
      "img_path": null,
      "seq_name": null,
      "frame_id": null,
      "has_gt_2d": true,
      "has_gt_3d": true,
      "mean_2d_error_px": 5.658844947814941,
      "gt_2d_reproj_error_px": 2.885752655856777e-05,
      "cam_center_offset_px": [
        6.991119384765625,
        0.1071319580078125
      ],
      "num_uv_valid": 21,
      "mpjpe_mm": 7.148141384124756,
      "pa_mpjpe_mm": 6.875863804304206,
      "abs_mpjpe_mm": 45.77883529663086,
      "root_index": 9
    },
    {
      "sample_index": 2750,
      "img_path": null,
      "seq_name": null,
      "frame_id": null,
      "has_gt_2d": true,
      "has_gt_3d": true,