{
  "checkpoint": "/root/code/vepfs/GPGFormer/checkpoints/ablations/ho3d_multimodal_mask_consistency_20260310/ho3d/gpgformer_best.pt",
  "num_samples": 24,
  "mean_2d_error_px": 51109364.71110916,
  "mean_2d_reproj_error_px": 38366866.75,
  "mean_mpjpe_mm": 90.11883481343587,
  "mean_pa_mpjpe_mm": 5.882732800279719,
  "mean_abs_mpjpe_mm": 2566.2454789479575,
  "root_index": 9,
  "camera_center_mode": "cam_param",
  "samples": [
    {
      "sample_index": 646,
      "img_path": "/root/code/vepfs/dataset/HO3D_v3/train/MDF12/rgb/0675.jpg",
      "seq_name": "",
      "frame_id": "",
      "has_gt_2d": true,
      "has_gt_3d": true,
      "mean_2d_error_px": 104.64855194091797,
      "gt_2d_reproj_error_px": 39090580.0,
      "cam_center_offset_px": [
        44.2315673828125,
        -79.07156372070312
      ],
      "num_uv_valid": 21,
      "mpjpe_mm": 89.98233795166016,
      "pa_mpjpe_mm": 6.229912677195856,
      "abs_mpjpe_mm": 8279.5546875,
      "root_index": 9
    },
    {
      "sample_index": 671,
      "img_path": "/root/code/vepfs/dataset/HO3D_v3/train/MDF12/rgb/0700.jpg",
      "seq_name": "",
      "frame_id": "",
      "has_gt_2d": true,
      "has_gt_3d": true,
      "mean_2d_error_px": 86.5531234741211,
      "gt_2d_reproj_error_px": 32636264.0,
      "cam_center_offset_px": [
        37.07794189453125,
        -61.78010559082031
      ],
      "num_uv_valid": 21,
      "mpjpe_mm": 98.62168884277344,
      "pa_mpjpe_mm": 6.434451806547353,
      "abs_mpjpe_mm": 8088.4931640625,
      "root_index": 9
    },
    {
      "sample_index": 709,
      "img_path": "/root/code/vepfs/dataset/HO3D_v3/train/MDF12/rgb/0738.jpg",
      "seq_name": "",
      "frame_id": "",
      "has_gt_2d": true,
      "has_gt_3d": true,
      "mean_2d_error_px": 142.48451232910156,
      "gt_2d_reproj_error_px": 32156486.0,
      "cam_center_offset_px": [
        62.801239013671875,
        -42.92063903808594
      ],
      "num_uv_valid": 21,
      "mpjpe_mm": 95.54966735839844,
      "pa_mpjpe_mm": 5.2238968519911175,
      "abs_mpjpe_mm": 7904.6298828125,
      "root_index": 9
    },
    {
      "sample_index": 965,
      "img_path": "/root/code/vepfs/dataset/HO3D_v3/train/MDF12/rgb/1010.jpg",
      "seq_name": "",
      "frame_id": "",
      "has_gt_2d": true,
      "has_gt_3d": true,
      "mean_2d_error_px": 54.793365478515625,
      "gt_2d_reproj_error_px": 36436852.0,
      "cam_center_offset_px": [
        26.314529418945312,
        -79.8243179321289
      ],
      "num_uv_valid": 21,
      "mpjpe_mm": 97.8555679321289,
      "pa_mpjpe_mm": 5.551018746773479,
      "abs_mpjpe_mm": 7442.439453125,
      "root_index": 9
    },
    {
      "sample_index": 1376,
      "img_path": "/root/code/vepfs/dataset/HO3D_v3/train/MDF12/rgb/1481.jpg",
      "seq_name": "",
      "frame_id": "",
      "has_gt_2d": true,
      "has_gt_3d": true,
      "mean_2d_error_px": 59.05817413330078,
      "gt_2d_reproj_error_px": 15393440.0,
      "cam_center_offset_px": [
        24.805442810058594,
        -0.14859771728515625
      ],
      "num_uv_valid": 21,
      "mpjpe_mm": 96.66148376464844,
      "pa_mpjpe_mm": 7.207699965928558,
      "abs_mpjpe_mm": 10588.279296875,
      "root_index": 9
    },
    {
      "sample_index": 1516,
      "img_path": "/root/code/vepfs/dataset/HO3D_v3/train/MDF12/rgb/1621.jpg",
      "seq_name": "",
      "frame_id": "",
      "has_gt_2d": true,
      "has_gt_3d": true,
      "mean_2d_error_px": 37.528892517089844,
      "gt_2d_reproj_error_px": 19119280.0,
      "cam_center_offset_px": [
        12.407867431640625,
        -10.407867431640625
      ],
      "num_uv_valid": 21,
      "mpjpe_mm": 74.78014373779297,
      "pa_mpjpe_mm": 10.97090796630885,
      "abs_mpjpe_mm": 9571.1845703125,
      "root_index": 9
    },
    {
      "sample_index": 2796,
      "img_path": "/root/code/vepfs/dataset/HO3D_v3/train/BB10/rgb/0495.jpg",
      "seq_name": "",
      "frame_id": "",
      "has_gt_2d": true,
      "has_gt_3d": true,
      "mean_2d_error_px": 34610548.0,
      "gt_2d_reproj_error_px": 15108082.0,
      "cam_center_offset_px": [
        42.969635009765625,
        -8.740875244140625
      ],
      "num_uv_valid": 21,
      "mpjpe_mm": 82.76387023925781,
      "pa_mpjpe_mm": 4.6987837836323445,
      "abs_mpjpe_mm": 593.4304809570312,
      "root_index": 9
    },
    {
      "sample_index": 3258,
      "img_path": "/root/code/vepfs/dataset/HO3D_v3/train/BB10/rgb/0957.jpg",
      "seq_name": "",
      "frame_id": "",
      "has_gt_2d": true,
      "has_gt_3d": true,
      "mean_2d_error_px": 36661152.0,
      "gt_2d_reproj_error_px": 23848276.0,
      "cam_center_offset_px": [
        5.8700103759765625,
        -25.158180236816406
      ],
      "num_uv_valid": 21,
      "mpjpe_mm": 88.21060180664062,
      "pa_mpjpe_mm": 5.134357061723198,
      "abs_mpjpe_mm": 279.8441467285156,
      "root_index": 9
    },
    {
      "sample_index": 3301,
      "img_path": "/root/code/vepfs/dataset/HO3D_v3/train/BB10/rgb/1000.jpg",
      "seq_name": "",
      "frame_id": "",
      "has_gt_2d": true,
      "has_gt_3d": true,
      "mean_2d_error_px": 65070652.0,
      "gt_2d_reproj_error_px": 34131704.0,
      "cam_center_offset_px": [
        56.400543212890625,
        -41.179969787597656
      ],
      "num_uv_valid": 21,
      "mpjpe_mm": 74.66681671142578,
      "pa_mpjpe_mm": 8.876621197344175,
      "abs_mpjpe_mm": 335.86199951171875,
      "root_index": 9
    },
    {
      "sample_index": 3395,
      "img_path": "/root/code/vepfs/dataset/HO3D_v3/train/BB10/rgb/1094.jpg",
      "seq_name": "",
      "frame_id": "",
      "has_gt_2d": true,
      "has_gt_3d": true,
      "mean_2d_error_px": 57854908.0,
      "gt_2d_reproj_error_px": 24823592.0,
      "cam_center_offset_px": [
        50.66642761230469,
        -20.780181884765625
      ],
      "num_uv_valid": 21,
      "mpjpe_mm": 84.7853012084961,
      "pa_mpjpe_mm": 5.04932532923351,
      "abs_mpjpe_mm": 408.0897216796875,
      "root_index": 9
    },
    {
      "sample_index": 3772,
      "img_path": "/root/code/vepfs/dataset/HO3D_v3/train/BB10/rgb/1471.jpg",
      "seq_name": "",
      "frame_id": "",
      "has_gt_2d": true,
      "has_gt_3d": true,
      "mean_2d_error_px": 48363692.0,
      "gt_2d_reproj_error_px": 23341522.0,
      "cam_center_offset_px": [
        25.94342803955078,
        -39.45845031738281
      ],
      "num_uv_valid": 21,
      "mpjpe_mm": 93.55558776855469,
      "pa_mpjpe_mm": 5.779736115439353,
      "abs_mpjpe_mm": 586.4326171875,
      "root_index": 9
    },
    {
      "sample_index": 3867,
      "img_path": "/root/code/vepfs/dataset/HO3D_v3/train/BB10/rgb/1569.jpg",
      "seq_name": "",
      "frame_id": "",
      "has_gt_2d": true,
      "has_gt_3d": true,
      "mean_2d_error_px": 45717448.0,
      "gt_2d_reproj_error_px": 31608430.0,
      "cam_center_offset_px": [
        62.89292907714844,
        -59.563018798828125
      ],
      "num_uv_valid": 21,
      "mpjpe_mm": 85.78897094726562,
      "pa_mpjpe_mm": 6.431588800946521,
      "abs_mpjpe_mm": 428.9667053222656,
      "root_index": 9
    },
    {
      "sample_index": 3964,
      "img_path": "/root/code/vepfs/dataset/HO3D_v3/train/MC2/rgb/0060.jpg",
      "seq_name": "",
      "frame_id": "",
      "has_gt_2d": true,
      "has_gt_3d": true,
      "mean_2d_error_px": 23662820.0,
      "gt_2d_reproj_error_px": 21693204.0,
      "cam_center_offset_px": [
        -11.03314208984375,
        -21.304718017578125
      ],
      "num_uv_valid": 21,
      "mpjpe_mm": 89.18753814697266,
      "pa_mpjpe_mm": 8.116540327509744,
      "abs_mpjpe_mm": 227.29360961914062,
      "root_index": 9
    },
    {
      "sample_index": 4923,
      "img_path": "/root/code/vepfs/dataset/HO3D_v3/train/SM4/rgb/0255.jpg",
      "seq_name": "",
      "frame_id": "",
      "has_gt_2d": true,
      "has_gt_3d": true,
      "mean_2d_error_px": 44109984.0,
      "gt_2d_reproj_error_px": 22912594.0,