{
  "checkpoint": "/root/code/vepfs/GPGFormer/checkpoints/freihand_multimodal_mask_consistency_20260309/freihand/gpgformer_best.pt",
  "num_samples": 24,
  "mean_2d_error_px": 7.80049954354763,
  "mean_2d_reproj_error_px": 3.5451077944041266e-05,
  "mean_mpjpe_mm": 7.840243508418401,
  "mean_pa_mpjpe_mm": 5.406083834578179,
  "mean_abs_mpjpe_mm": 30.399925390879314,
  "root_index": 9,
  "camera_center_mode": "cam_param",
  "samples": [
    {
      "sample_index": 338,
      "img_path": null,
      "seq_name": null,
      "frame_id": null,
      "has_gt_2d": true,
      "has_gt_3d": true,
      "mean_2d_error_px": 5.9998860359191895,
      "gt_2d_reproj_error_px": 3.203993401257321e-05,
      "cam_center_offset_px": [
        -13.873054504394531,
        11.22784423828125
      ],
      "num_uv_valid": 21,
      "mpjpe_mm": 3.9309794902801514,
      "pa_mpjpe_mm": 2.67081846482718,
      "abs_mpjpe_mm": 12.74661922454834,
      "root_index": 9
    },
    {
      "sample_index": 351,
      "img_path": null,
      "seq_name": null,
      "frame_id": null,
      "has_gt_2d": true,
      "has_gt_3d": true,
      "mean_2d_error_px": 10.391883850097656,
      "gt_2d_reproj_error_px": 3.3196451113326475e-05,
      "cam_center_offset_px": [
        -9.329322814941406,
        0.7960968017578125
      ],
      "num_uv_valid": 21,
      "mpjpe_mm": 8.386103630065918,
      "pa_mpjpe_mm": 4.484735156342677,
      "abs_mpjpe_mm": 42.967105865478516,
      "root_index": 9
    },
    {
      "sample_index": 371,
      "img_path": null,
      "seq_name": null,
      "frame_id": null,
      "has_gt_2d": true,
      "has_gt_3d": true,
      "mean_2d_error_px": 8.773612976074219,
      "gt_2d_reproj_error_px": 4.013005309388973e-05,
      "cam_center_offset_px": [
        8.284233093261719,
        5.6285858154296875
      ],
      "num_uv_valid": 21,
      "mpjpe_mm": 6.192461967468262,
      "pa_mpjpe_mm": 6.002601282686158,
      "abs_mpjpe_mm": 20.44162940979004,
      "root_index": 9
    },
    {
      "sample_index": 506,
      "img_path": null,
      "seq_name": null,
      "frame_id": null,
      "has_gt_2d": true,
      "has_gt_3d": true,
      "mean_2d_error_px": 6.451712608337402,
      "gt_2d_reproj_error_px": 3.886976992362179e-05,
      "cam_center_offset_px": [
        3.3602752685546875,
        13.030120849609375
      ],
      "num_uv_valid": 21,
      "mpjpe_mm": 6.4575324058532715,
      "pa_mpjpe_mm": 5.475128596753216,
      "abs_mpjpe_mm": 11.7915678024292,
      "root_index": 9
    },
    {
      "sample_index": 722,
      "img_path": null,
      "seq_name": null,
      "frame_id": null,
      "has_gt_2d": true,
      "has_gt_3d": true,
      "mean_2d_error_px": 11.1587495803833,
      "gt_2d_reproj_error_px": 4.155484930379316e-05,
      "cam_center_offset_px": [
        10.586959838867188,
        -11.337631225585938
      ],
      "num_uv_valid": 21,
      "mpjpe_mm": 6.712349891662598,
      "pa_mpjpe_mm": 3.4433726188573703,
      "abs_mpjpe_mm": 43.53015899658203,
      "root_index": 9
    },
    {
      "sample_index": 794,
      "img_path": null,
      "seq_name": null,
      "frame_id": null,
      "has_gt_2d": true,
      "has_gt_3d": true,
      "mean_2d_error_px": 1.7577520608901978,
      "gt_2d_reproj_error_px": 4.162589902989566e-05,
      "cam_center_offset_px": [
        3.6824874877929688,
        3.8103179931640625
      ],
      "num_uv_valid": 21,
      "mpjpe_mm": 10.228328704833984,
      "pa_mpjpe_mm": 3.849272592644583,
      "abs_mpjpe_mm": 56.061767578125,
      "root_index": 9
    },
    {
      "sample_index": 1467,
      "img_path": null,
      "seq_name": null,
      "frame_id": null,
      "has_gt_2d": true,
      "has_gt_3d": true,
      "mean_2d_error_px": 11.770299911499023,
      "gt_2d_reproj_error_px": 2.7373078410164453e-05,
      "cam_center_offset_px": [
        -11.025283813476562,
        -0.3185272216796875
      ],
      "num_uv_valid": 21,
      "mpjpe_mm": 13.498087882995605,
      "pa_mpjpe_mm": 10.272599219525826,
      "abs_mpjpe_mm": 22.305313110351562,
      "root_index": 9
    },
    {
      "sample_index": 1706,
      "img_path": null,
      "seq_name": null,
      "frame_id": null,
      "has_gt_2d": true,
      "has_gt_3d": true,
      "mean_2d_error_px": 8.214476585388184,
      "gt_2d_reproj_error_px": 3.214092430425808e-05,
      "cam_center_offset_px": [
        1.1132354736328125,
        9.663955688476562
      ],
      "num_uv_valid": 21,
      "mpjpe_mm": 11.803651809692383,
      "pa_mpjpe_mm": 7.101654037455092,
      "abs_mpjpe_mm": 37.91721725463867,
      "root_index": 9
    },
    {
      "sample_index": 1729,
      "img_path": null,
      "seq_name": null,
      "frame_id": null,
      "has_gt_2d": true,
      "has_gt_3d": true,
      "mean_2d_error_px": 7.251202583312988,
      "gt_2d_reproj_error_px": 3.725930582731962e-05,
      "cam_center_offset_px": [
        12.058349609375,
        10.535980224609375
      ],
      "num_uv_valid": 21,
      "mpjpe_mm": 5.583042621612549,
      "pa_mpjpe_mm": 3.8157254295712697,
      "abs_mpjpe_mm": 21.11970329284668,
      "root_index": 9
    },
    {
      "sample_index": 1781,
      "img_path": null,
      "seq_name": null,
      "frame_id": null,
      "has_gt_2d": true,
      "has_gt_3d": true,
      "mean_2d_error_px": 6.992321014404297,
      "gt_2d_reproj_error_px": 2.3399950805469416e-05,
      "cam_center_offset_px": [
        13.262847900390625,
        15.605941772460938
      ],
      "num_uv_valid": 21,
      "mpjpe_mm": 5.0875983238220215,
      "pa_mpjpe_mm": 4.033817102240077,
      "abs_mpjpe_mm": 26.26706314086914,
      "root_index": 9
    },
    {
      "sample_index": 1979,
      "img_path": null,
      "seq_name": null,
      "frame_id": null,
      "has_gt_2d": true,
      "has_gt_3d": true,
      "mean_2d_error_px": 7.896175384521484,
      "gt_2d_reproj_error_px": 3.5772845876635984e-05,
      "cam_center_offset_px": [
        8.405021667480469,
        -2.4508132934570312
      ],
      "num_uv_valid": 21,
      "mpjpe_mm": 6.910490989685059,
      "pa_mpjpe_mm": 4.453162846204003,
      "abs_mpjpe_mm": 46.20181655883789,
      "root_index": 9
    },
    {
      "sample_index": 2028,
      "img_path": null,
      "seq_name": null,
      "frame_id": null,
      "has_gt_2d": true,
      "has_gt_3d": true,
      "mean_2d_error_px": 5.370054244995117,
      "gt_2d_reproj_error_px": 3.967082375311293e-05,
      "cam_center_offset_px": [
        -3.6378021240234375,
        14.040023803710938
      ],
      "num_uv_valid": 21,
      "mpjpe_mm": 6.755793571472168,
      "pa_mpjpe_mm": 3.7581913564739393,
      "abs_mpjpe_mm": 16.55408477783203,
      "root_index": 9
    },
    {
      "sample_index": 2078,
      "img_path": null,
      "seq_name": null,
      "frame_id": null,
      "has_gt_2d": true,
      "has_gt_3d": true,
      "mean_2d_error_px": 3.7266845703125,
      "gt_2d_reproj_error_px": 4.7115536290220916e-05,
      "cam_center_offset_px": [
        -4.158050537109375,
        -5.441932678222656
      ],
      "num_uv_valid": 21,
      "mpjpe_mm": 4.559232711791992,
      "pa_mpjpe_mm": 2.9053461533396856,
      "abs_mpjpe_mm": 9.849211692810059,
      "root_index": 9
    },
    {
      "sample_index": 2578,
      "img_path": null,
      "seq_name": null,
      "frame_id": null,
      "has_gt_2d": true,
      "has_gt_3d": true,
      "mean_2d_error_px": 5.557773590087891,
      "gt_2d_reproj_error_px": 2.885752655856777e-05,
      "cam_center_offset_px": [
        6.991119384765625,
        0.1071319580078125
      ],
      "num_uv_valid": 21,
      "mpjpe_mm": 6.958934307098389,
      "pa_mpjpe_mm": 6.5440647401896,
      "abs_mpjpe_mm": 29.49740219116211,
      "root_index": 9
    },
    {
      "sample_index": 2750,
      "img_path": null,
      "seq_name": null,
      "frame_id": null,
      "has_gt_2d": true,
      "has_gt_3d": true,
      "mean_2d_error_px": 10.30653190612793,